№;Улица;Номер;Вид объекта;Полный адрес;Кадастровый номер;Дата внесения записи в ГАР;Дата документа-основания;Номер документа-основания;Наименование документа-основания;Последнее обновление записи;Статус записи;ID ФИАС;Почтовый индекс;ОКТМО;Примечания;Реестровый номер записи;objectId (ГАР)
1;ул. Алмазная;1;Земельный участок;Херсонская область, муниципальный округ Генический, село Бухта, улица Алмазная, земельный участок 1;;11.06.2026;10.06.2026;01/05-338;О присвоении адреса объекту адресации на территории муниципального образования Генический муниципальный округ Херсонской области;11.06.2026;Актуальная;183c1fee-47e8-4568-b767-61760e793fce;;74517000000;"нет кадастрового номера; индекс не присвоен; ОКТМО бюдж.:74517000;ОКАТО:74217000000;ИФНС:9500";745170000000000000510002000000000;179929509
2;ул. Алмазная;2;Земельный участок;Херсонская область, муниципальный округ Генический, село Бухта, улица Алмазная, земельный участок 2;;11.06.2026;10.06.2026;01/05-339;О присвоении адреса объекту адресации на территории муниципального образования Генический муниципальный округ Херсонской области;11.06.2026;Актуальная;ac463d17-0af1-46c9-94e9-380bfafff4c3;;74517000000;"нет кадастрового номера; индекс не присвоен; ОКТМО бюдж.:74517000;ОКАТО:74217000000;ИФНС:9500";745170000000000000510003000000000;179929517
3;ул. Алмазная;3;Земельный участок;Херсонская область, муниципальный округ Генический, село Бухта, улица Алмазная, земельный участок 3;96:01:0005445:37;11.06.2026;10.06.2026;01/05-340;О присвоении адреса объекту адресации на территории муниципального образования Генический муниципальный округ Херсонской области;17.06.2026;Актуальная;fbb0f78e-327b-45cd-bede-9e1a3a19a2e0;;74517000000;"индекс не присвоен; ОКТМО бюдж.:74517000;ОКАТО:74217000000;ИФНС:9500";745170000000000000510004000000010;179929529
4;ул. Алмазная;4;Земельный участок;Херсонская область, муниципальный округ Генический, село Бухта, улица Алмазная, земельный участок 4;;11.06.2026;10.06.2026;01/05-341;О присвоении адреса объекту адресации на территории муниципального образования Генический муниципальный округ Херсонской области;11.06.2026;Актуальная;735cf719-eff9-488b-a68f-e468272c09b0;;74517000000;"нет кадастрового номера; индекс не присвоен; ОКТМО бюдж.:74517000;ОКАТО:74217000000;ИФНС:9500";745170000000000000510005000000000;179929581
5;ул. Алмазная;5;Земельный участок;Херсонская область, муниципальный округ Генический, село Бухта, улица Алмазная, земельный участок 5;;11.06.2026;10.06.2026;01/05-342;О присвоении адреса объекту адресации на территории муниципального образования Генический муниципальный округ Херсонской области;11.06.2026;Актуальная;6c8d53de-c1a3-4a59-9adf-5a4857029037;;74517000000;"нет кадастрового номера; индекс не присвоен; ОКТМО бюдж.:74517000;ОКАТО:74217000000;ИФНС:9500";745170000000000000510006000000000;179929583
6;ул. Алмазная;6;Земельный участок;Херсонская область, муниципальный округ Генический, село Бухта, улица Алмазная, земельный участок 6;;11.06.2026;10.06.2026;01/05-343;О присвоении адреса объекту адресации на территории муниципального образования Генический муниципальный округ Херсонской области;11.06.2026;Актуальная;0139c2b2-5f12-4a77-b032-4466fee805ac;;74517000000;"нет кадастрового номера; индекс не присвоен; ОКТМО бюдж.:74517000;ОКАТО:74217000000;ИФНС:9500";745170000000000000510007000000000;179929587
7;ул. Алмазная;7;Земельный участок;Херсонская область, муниципальный округ Генический, село Бухта, улица Алмазная, земельный участок 7;;11.06.2026;10.06.2026;01/05-344;О присвоении адреса объекту адресации на территории муниципального образования Генический муниципальный округ Херсонской области;11.06.2026;Актуальная;da875dec-a5a1-4b70-8a99-4ddabcfb3962;;74517000000;"нет кадастрового номера; индекс не присвоен; ОКТМО бюдж.:74517000;ОКАТО:74217000000;ИФНС:9500";745170000000000000510008000000000;179929591
8;ул. Алмазная;8;Земельный участок;Херсонская область, муниципальный округ Генический, село Бухта, улица Алмазная, земельный участок 8;;05.06.2026;04.06.2026;01/05-310;О присвоении адреса объекту адресации на территории муниципального округа Генический муниципальный округ Херсонской области;05.06.2026;Актуальная;736b0ff0-9580-4ef8-9419-53e1c19611bc;;74517000000;"нет кадастрового номера; индекс не присвоен; ОКТМО бюдж.:74517000;ОКАТО:74217000000;ИФНС:9500";745170000000000000510001000000000;179798113
9;ул. Алмазная;9;Земельный участок;Херсонская область, муниципальный округ Генический, село Бухта, улица Алмазная, земельный участок 9;;11.06.2026;10.06.2026;01/05-346;О присвоении адреса объекту адресации на территории муниципального образования Генический муниципальный округ Херсонской области;11.06.2026;Актуальная;0d86dc0e-7522-498a-8477-4d560fbebc41;;74517000000;"нет кадастрового номера; индекс не присвоен; ОКТМО бюдж.:74517000;ОКАТО:74217000000;ИФНС:9500";745170000000000000510009000000000;179929594
10;ул. Алмазная;10;Земельный участок;Херсонская область, муниципальный округ Генический, село Бухта, улица Алмазная, земельный участок 10;;11.06.2026;10.06.2026;01/05-347;О присвоении адреса объекту адресации на территории муниципального образования Генический муниципальный округ Херсонской области;11.06.2026;Актуальная;251b5fdf-12af-49cd-b487-5fd60ee7f69b;;74517000000;"нет кадастрового номера; индекс не присвоен; ОКТМО бюдж.:74517000;ОКАТО:74217000000;ИФНС:9500";745170000000000000510010000000000;179929595
11;ул. Алмазная;11;Земельный участок;Херсонская область, муниципальный округ Генический, село Бухта, улица Алмазная, земельный участок 11;;11.06.2026;10.06.2026;01/05-348;О присвоении адреса объекту адресации на территории муниципального образования Генический муниципальный округ Херсонской области;11.06.2026;Актуальная;1983eae0-f8ba-4893-bd62-7e3f7c6caf09;;74517000000;"нет кадастрового номера; индекс не присвоен; ОКТМО бюдж.:74517000;ОКАТО:74217000000;ИФНС:9500";745170000000000000510011000000000;179929596
12;ул. Алмазная;11/1;Земельный участок;Херсонская область, муниципальный округ Генический, село Бухта, улица Алмазная, земельный участок 11/1;96:01:0005445:277;29.06.2026;29.06.2026;01/05-463;О присвоении адреса объекту адресации на территории муниципального  образования Генический муниципальный округ Херсонской области;29.06.2026;Актуальная;90e053a1-9080-41b6-b062-cd7cd6f63a72;;74517000000;"индекс не присвоен; ОКТМО бюдж.:74517000;ОКАТО:74217000000;ИФНС:9500";745170000000000000510048000000000;180235205
13;ул. Алмазная;11/1;Здание;Херсонская область, муниципальный округ Генический, село Бухта, улица Алмазная, здание 11/1;;29.06.2026;29.06.2026;01/05-463;О присвоении адреса объекту адресации на территории муниципального  образования Генический муниципальный округ Херсонской области;29.06.2026;Актуальная;3a3d3283-6845-4cdc-ab19-409765787d43;;74517000000;"нет кадастрового номера; индекс не присвоен; ОКТМО бюдж.:74517000;ОКАТО:74217000000;ИФНС:9500";745170000000000000520010000000000;180235210
14;ул. Алмазная;11/2;Земельный участок;Херсонская область, муниципальный округ Генический, село Бухта, улица Алмазная, земельный участок 11/2;96:01:0005445:278;29.06.2026;29.06.2026;01/05-463;О присвоении адреса объекту адресации на территории муниципального  образования Генический муниципальный округ Херсонской области;29.06.2026;Актуальная;64ad4bac-e656-4228-9041-3740cb96e4f5;;74517000000;"индекс не присвоен; ОКТМО бюдж.:74517000;ОКАТО:74217000000;ИФНС:9500";745170000000000000510049000000000;180235211
15;ул. Алмазная;12;Земельный участок;Херсонская область, муниципальный округ Генический, село Бухта, улица Алмазная, земельный участок 12;;11.06.2026;10.06.2026;01/05-349;О присвоении адреса объекту адресации на территории муниципального образования Генический муниципальный округ Херсонской области;11.06.2026;Актуальная;b89efc4f-b0e4-452f-bfa7-1d8f9f66eb42;;74517000000;"нет кадастрового номера; индекс не присвоен; ОКТМО бюдж.:74517000;ОКАТО:74217000000;ИФНС:9500";745170000000000000510012000000000;179929603
16;ул. Алмазная;13;Земельный участок;Херсонская область, муниципальный округ Генический, село Бухта, улица Алмазная, земельный участок 13;;11.06.2026;10.06.2026;01/05-350;О присвоении адреса объекту адресации на территории муниципального образования Генический муниципальный округ Херсонской области;11.06.2026;Актуальная;132ff64a-cc2d-490c-b1d1-98431541ad19;;74517000000;"нет кадастрового номера; индекс не присвоен; ОКТМО бюдж.:74517000;ОКАТО:74217000000;ИФНС:9500";745170000000000000510013000000000;179929604
17;ул. Алмазная;14;Земельный участок;Херсонская область, муниципальный округ Генический, село Бухта, улица Алмазная, земельный участок 14;;11.06.2026;10.06.2026;01/05-351;О присвоении адреса объекту адресации на территории муниципального образования Генический муниципальный округ Херсонской области;11.06.2026;Актуальная;9f64b5e9-572b-477f-95cc-bc084b5711e3;;74517000000;"нет кадастрового номера; индекс не присвоен; ОКТМО бюдж.:74517000;ОКАТО:74217000000;ИФНС:9500";745170000000000000510014000000000;179929605
18;ул. Алмазная;15;Земельный участок;Херсонская область, муниципальный округ Генический, село Бухта, улица Алмазная, земельный участок 15;;11.06.2026;10.06.2026;01/05-352;О присвоении адреса объекту адресации на территории муниципального образования Генический муниципальный округ Херсонской области;11.06.2026;Актуальная;deaee7ea-c2b7-4018-88f5-a5c4661734c9;;74517000000;"нет кадастрового номера; индекс не присвоен; ОКТМО бюдж.:74517000;ОКАТО:74217000000;ИФНС:9500";745170000000000000510015000000000;179929606
19;ул. Алмазная;16;Земельный участок;Херсонская область, муниципальный округ Генический, село Бухта, улица Алмазная, земельный участок 16;;11.06.2026;10.06.2026;01/05-353;О присвоении адреса объекту адресации на территории муниципального образования Генический муниципальный округ Херсонской области;11.06.2026;Актуальная;8aa2e7e1-2f1e-43b8-a44b-5faa35c27b7b;;74517000000;"нет кадастрового номера; индекс не присвоен; ОКТМО бюдж.:74517000;ОКАТО:74217000000;ИФНС:9500";745170000000000000510016000000000;179929609
20;ул. Алмазная;17;Земельный участок;Херсонская область, муниципальный округ Генический, село Бухта, улица Алмазная, земельный участок 17;;11.06.2026;10.06.2026;01/05-354;О присвоении адреса объекту адресации на территории муниципального образования Генический муниципальный округ Херсонской области;11.06.2026;Актуальная;b994d14d-f7a1-4fa2-9d1e-95fd86b4717e;;74517000000;"нет кадастрового номера; индекс не присвоен; ОКТМО бюдж.:74517000;ОКАТО:74217000000;ИФНС:9500";745170000000000000510017000000000;179929612
21;ул. Алмазная;18;Земельный участок;Херсонская область, муниципальный округ Генический, село Бухта, улица Алмазная, земельный участок 18;;11.06.2026;10.06.2026;01/05-355;О присвоении адреса объекту адресации на территории муниципального образования Генический муниципальный округ Херсонской области;11.06.2026;Актуальная;e44f0554-6396-476a-971e-4f399fe0324b;;74517000000;"нет кадастрового номера; индекс не присвоен; ОКТМО бюдж.:74517000;ОКАТО:74217000000;ИФНС:9500";745170000000000000510018000000000;179929615
22;ул. Алмазная;19;Земельный участок;Херсонская область, муниципальный округ Генический, село Бухта, улица Алмазная, земельный участок 19;;11.06.2026;10.06.2026;01/05-356;О присвоении адреса объекту адресации на территории муниципального образования Генический муниципальный округ Херсонской области;11.06.2026;Актуальная;24f68473-2bb7-4909-9b4c-c32b58b3f23a;;74517000000;"нет кадастрового номера; индекс не присвоен; ОКТМО бюдж.:74517000;ОКАТО:74217000000;ИФНС:9500";745170000000000000510019000000000;179929616
23;ул. Алмазная;20;Земельный участок;Херсонская область, муниципальный округ Генический, село Бухта, улица Алмазная, земельный участок 20;;11.06.2026;10.06.2026;01/05-357;О присвоении адреса объекту адресации на территории муниципального образования Генический муниципальный округ Херсонской области;11.06.2026;Актуальная;abf69143-dc32-4cfb-a34e-a6df977d9b7c;;74517000000;"нет кадастрового номера; индекс не присвоен; ОКТМО бюдж.:74517000;ОКАТО:74217000000;ИФНС:9500";745170000000000000510020000000000;179929622
24;ул. Алмазная;21;Земельный участок;Херсонская область, муниципальный округ Генический, село Бухта, улица Алмазная, земельный участок 21;;11.06.2026;10.06.2026;01/05-358;О присвоении адреса объекту адресации на территории муниципального образования Генический муниципальный округ Херсонской области;11.06.2026;Актуальная;ced0da6a-9617-43e5-b360-8cb6e5af50d7;;74517000000;"нет кадастрового номера; индекс не присвоен; ОКТМО бюдж.:74517000;ОКАТО:74217000000;ИФНС:9500";745170000000000000510021000000000;179929626
25;ул. Алмазная;22;Земельный участок;Херсонская область, муниципальный округ Генический, село Бухта, улица Алмазная, земельный участок 22;;11.06.2026;10.06.2026;01/05-359;О присвоении адреса объекту адресации на территории муниципального образования Генический муниципальный округ Херсонской области;11.06.2026;Актуальная;30246c30-4412-4a4d-8d41-5251b0a625a8;;74517000000;"нет кадастрового номера; индекс не присвоен; ОКТМО бюдж.:74517000;ОКАТО:74217000000;ИФНС:9500";745170000000000000510022000000000;179929627
26;ул. Алмазная;23;Земельный участок;Херсонская область, муниципальный округ Генический, село Бухта, улица Алмазная, земельный участок 23;;11.06.2026;10.06.2026;01/05-360;О присвоении адреса объекту адресации на территории муниципального образования Генический муниципальный округ Херсонской области;11.06.2026;Актуальная;83524d47-754b-48fd-906a-e89a6f2ed7b2;;74517000000;"нет кадастрового номера; индекс не присвоен; ОКТМО бюдж.:74517000;ОКАТО:74217000000;ИФНС:9500";745170000000000000510023000000000;179929630
27;ул. Алмазная;24;Земельный участок;Херсонская область, муниципальный округ Генический, село Бухта, улица Алмазная, земельный участок 24;;11.06.2026;10.06.2026;01/05-361;О присвоении адреса объекту адресации на территории муниципального образования Генический муниципальный округ Херсонской области;11.06.2026;Актуальная;ed228579-4a9c-4676-8aa3-8da669566e53;;74517000000;"нет кадастрового номера; индекс не присвоен; ОКТМО бюдж.:74517000;ОКАТО:74217000000;ИФНС:9500";745170000000000000510024000000000;179929631
28;ул. Алмазная;25;Земельный участок;Херсонская область, муниципальный округ Генический, село Бухта, улица Алмазная, земельный участок 25;;11.06.2026;10.06.2026;01/05-362;О присвоении адреса объекту адресации на территории муниципального образования Генический муниципальный округ Херсонской области;11.06.2026;Актуальная;cc745f2b-a19b-418b-9ccc-f2b0799eedee;;74517000000;"нет кадастрового номера; индекс не присвоен; ОКТМО бюдж.:74517000;ОКАТО:74217000000;ИФНС:9500";745170000000000000510025000000000;179929632
29;ул. Алмазная;26;Земельный участок;Херсонская область, муниципальный округ Генический, село Бухта, улица Алмазная, земельный участок 26;;11.06.2026;10.06.2026;01/05-363;О присвоении адреса объекту адресации на территории муниципального образования Генический муниципальный округ Херсонской области;11.06.2026;Актуальная;16ecdb8e-8b51-447d-b1a4-6cfa8e746d8d;;74517000000;"нет кадастрового номера; индекс не присвоен; ОКТМО бюдж.:74517000;ОКАТО:74217000000;ИФНС:9500";745170000000000000510026000000000;179929633
30;ул. Алмазная;27;Земельный участок;Херсонская область, муниципальный округ Генический, село Бухта, улица Алмазная, земельный участок 27;;11.06.2026;10.06.2026;01/05-364;О присвоении адреса объекту адресации на территории муниципального образования Генический муниципальный округ Херсонской области;11.06.2026;Актуальная;f816bbe1-d16a-4c03-80f6-10b46e05c506;;74517000000;"нет кадастрового номера; индекс не присвоен; ОКТМО бюдж.:74517000;ОКАТО:74217000000;ИФНС:9500";745170000000000000510027000000000;179929634
31;ул. Алмазная;28;Земельный участок;Херсонская область, муниципальный округ Генический, село Бухта, улица Алмазная, земельный участок 28;;11.06.2026;10.06.2026;01/05-345;О присвоении адреса объекту адресации на территории муниципального образования Генический муниципальный округ Херсонской области;11.06.2026;Актуальная;361e9546-7789-4977-beda-f4cb7b8208f4;;74517000000;"нет кадастрового номера; индекс не присвоен; ОКТМО бюдж.:74517000;ОКАТО:74217000000;ИФНС:9500";745170000000000000510028000000000;179929682
32;ул. Алмазная;43;Земельный участок;Херсонская область, муниципальный округ Генический, село Бухта, улица Алмазная, земельный участок 43;96:01:0005445:36;11.06.2026;10.06.2026;01/05-375;О присвоении адреса объекту адресации на территории муниципального образования Генический муниципальный округ Херсонской области;17.06.2026;Актуальная;5e260aff-7803-4719-a54a-cb6fd0a1ccf7;;74517000000;"индекс не присвоен; ОКТМО бюдж.:74517000;ОКАТО:74217000000;ИФНС:9500";745170000000000000510029000000010;179929717
33;ул. Алмазная;43 строение А;Здание;Херсонская область, муниципальный округ Генический, село Бухта, улица Алмазная, здание 43 строение А;96:01:0005445:270;11.06.2026;10.06.2026;01/05-375;О присвоении адреса объекту адресации на территории муниципального образования Генический муниципальный округ Херсонской области;17.06.2026;Актуальная;71f77f61-7993-4b8d-850f-2529c15ec3ec;;74517000000;"индекс не присвоен; ОКТМО бюдж.:74517000;ОКАТО:74217000000;ИФНС:9500";745170000000000000530001000000000;179929718
34;ул. Алмазная;44;Земельный участок;Херсонская область, муниципальный округ Генический, село Бухта, улица Алмазная, земельный участок 44;;11.06.2026;10.06.2026;01/05-376;О присвоении адреса объекту адресации на территории муниципального образования Генический муниципальный округ Херсонской области;11.06.2026;Актуальная;0039276d-bbca-43af-88ca-776ea716f6f5;;74517000000;"нет кадастрового номера; индекс не присвоен; ОКТМО бюдж.:74517000;ОКАТО:74217000000;ИФНС:9500";745170000000000000510030000000000;179929719
35;ул. Алмазная;44 строение А;Здание;Херсонская область, муниципальный округ Генический, село Бухта, улица Алмазная, здание 44 строение А;;11.06.2026;10.06.2026;01/05-376;О присвоении адреса объекту адресации на территории муниципального образования Генический муниципальный округ Херсонской области;11.06.2026;Актуальная;fae92a88-1da2-4f4e-b501-6b6ec0c23a2c;;74517000000;"нет кадастрового номера; индекс не присвоен; ОКТМО бюдж.:74517000;ОКАТО:74217000000;ИФНС:9500";745170000000000000530002000000000;179929720
36;ул. Алмазная;45;Земельный участок;Херсонская область, муниципальный округ Генический, село Бухта, улица Алмазная, земельный участок 45;;11.06.2026;10.06.2026;01/05-377;О присвоении адреса объекту адресации на территории муниципального образования Генический муниципальный округ Херсонской области;11.06.2026;Актуальная;c88d0454-72b1-40ef-9219-a5ff9c56121e;;74517000000;"нет кадастрового номера; индекс не присвоен; ОКТМО бюдж.:74517000;ОКАТО:74217000000;ИФНС:9500";745170000000000000510031000000000;179929721
37;ул. Алмазная;45 строение А;Здание;Херсонская область, муниципальный округ Генический, село Бухта, улица Алмазная, здание 45 строение А;;11.06.2026;10.06.2026;01/05-377;О присвоении адреса объекту адресации на территории муниципального образования Генический муниципальный округ Херсонской области;11.06.2026;Актуальная;c27f377d-b161-4170-93ca-185023f3db41;;74517000000;"нет кадастрового номера; индекс не присвоен; ОКТМО бюдж.:74517000;ОКАТО:74217000000;ИФНС:9500";745170000000000000530003000000000;179929723
38;ул. Алмазная;47;Земельный участок;Херсонская область, муниципальный округ Генический, село Бухта, улица Алмазная, земельный участок 47;96:01:0005445:31;23.06.2026;22.06.2026;01/05-439;О присвоении адреса объекту адресации на территории муниципального образования Генический муниципальный округ Херсонской области;23.06.2026;Актуальная;f84d96bb-04fb-4929-950c-d02a169f7b09;;74517000000;"индекс не присвоен; ОКТМО бюдж.:74517000;ОКАТО:74217000000;ИФНС:9500";745170000000000000510046000000000;180132352
39;ул. Алмазная;48;Земельный участок;Херсонская область, муниципальный округ Генический, село Бухта, улица Алмазная, земельный участок 48;;22.06.2026;18.06.2026;01/05-422;О присвоении адреса объекту адресации на территории муниципального образования Генический муниципальный округ Херсонской области;22.06.2026;Актуальная;6ce8e02a-71b5-4a9b-beda-88d3c5d3e734;;74517000000;"нет кадастрового номера; индекс не присвоен; ОКТМО бюдж.:74517000;ОКАТО:74217000000;ИФНС:9500";745170000000000000510034000000000;180103912
40;ул. Алмазная;49;Земельный участок;Херсонская область, муниципальный округ Генический, село Бухта, улица Алмазная, земельный участок 49;96:01:0005445:282;22.06.2026;18.06.2026;01/05-410;О присвоении адреса объекту адресации на территории муниципального образования Генический муниципальный округ Херсонской области;22.06.2026;Актуальная;307d973a-bd7a-4932-ba9a-77874ca6a815;;74517000000;"индекс не присвоен; ОКТМО бюдж.:74517000;ОКАТО:74217000000;ИФНС:9500";745170000000000000510041000000000;180104018
41;ул. Алмазная;51;Земельный участок;Херсонская область, муниципальный округ Генический, село Бухта, улица Алмазная, земельный участок 51;;22.06.2026;18.06.2026;01/05-414;О присвоении адреса объекту адресации на территории муниципального образования Генический муниципальный округ Херсонской области;22.06.2026;Актуальная;d0b8b0b2-2e6f-42d1-a3ef-d63c4f3d14eb;;74517000000;"нет кадастрового номера; индекс не присвоен; ОКТМО бюдж.:74517000;ОКАТО:74217000000;ИФНС:9500";745170000000000000510045000000000;180104026
42;ул. Алмазная;51 строение А;Здание;Херсонская область, муниципальный округ Генический, село Бухта, улица Алмазная, здание 51 строение А;;22.06.2026;18.06.2026;01/05-414;О присвоении адреса объекту адресации на территории муниципального образования Генический муниципальный округ Херсонской области;22.06.2026;Актуальная;969798e6-f666-4330-bbc8-e163a5c4a81c;;74517000000;"нет кадастрового номера; индекс не присвоен; ОКТМО бюдж.:74517000;ОКАТО:74217000000;ИФНС:9500";745170000000000000530008000000000;180104031
43;ул. Алмазная;51 строение Б;Здание;Херсонская область, муниципальный округ Генический, село Бухта, улица Алмазная, здание 51 строение Б;;22.06.2026;18.06.2026;01/05-414;О присвоении адреса объекту адресации на территории муниципального образования Генический муниципальный округ Херсонской области;22.06.2026;Актуальная;4762e618-c462-426a-91de-840bc0ed0a55;;74517000000;"нет кадастрового номера; индекс не присвоен; ОКТМО бюдж.:74517000;ОКАТО:74217000000;ИФНС:9500";745170000000000000530007000000000;180104030
44;ул. Алмазная;51 строение В;Здание;Херсонская область, муниципальный округ Генический, село Бухта, улица Алмазная, здание 51 строение В;;22.06.2026;18.06.2026;01/05-414;О присвоении адреса объекту адресации на территории муниципального образования Генический муниципальный округ Херсонской области;22.06.2026;Актуальная;080407f9-54e0-4dce-ba1a-aed8c437f732;;74517000000;"нет кадастрового номера; индекс не присвоен; ОКТМО бюдж.:74517000;ОКАТО:74217000000;ИФНС:9500";745170000000000000530006000000000;180104028
45;ул. Алмазная;52;Земельный участок;Херсонская область, муниципальный округ Генический, село Бухта, улица Алмазная, земельный участок 52;96:01:0005445:286;22.06.2026;18.06.2026;01/05-413;О присвоении адреса объекту адресации на территории муниципального образования Генический муниципальный округ Херсонской области;22.06.2026;Актуальная;d0818e61-c653-41bd-b044-54e8e2c74f89;;74517000000;"индекс не присвоен; ОКТМО бюдж.:74517000;ОКАТО:74217000000;ИФНС:9500";745170000000000000510044000000000;180104024
46;ул. Алмазная;53;Земельный участок;Херсонская область, муниципальный округ Генический, село Бухта, улица Алмазная, земельный участок 53;96:01:0005445:280;22.06.2026;18.06.2026;01/05-406;О присвоении адреса объекту адресации на территории муниципального образования Генический муниципальный округ Херсонской области;22.06.2026;Актуальная;61174dda-b49c-419b-a73c-5db59e3230ae;;74517000000;"индекс не присвоен; ОКТМО бюдж.:74517000;ОКАТО:74217000000;ИФНС:9500";745170000000000000510039000000000;180104014
47;ул. Алмазная;55;Земельный участок;Херсонская область, муниципальный округ Генический, село Бухта, улица Алмазная, земельный участок 55;;26.06.2026;25.06.2026;01/05-461;О присвоении адреса объекту адресации на территории муниципального образования Генический муниципальный округ Херсонской области;26.06.2026;Актуальная;84a05f3e-27f5-4921-af6e-9e53b33771f8;;74517000000;"нет кадастрового номера; индекс не присвоен; ОКТМО бюдж.:74517000;ОКАТО:74217000000;ИФНС:9500";745170000000000000510047000000000;180203712
48;ул. Алмазная;55;Здание;Херсонская область, муниципальный округ Генический, село Бухта, улица Алмазная, здание 55;;26.06.2026;25.06.2026;01/05-461;О присвоении адреса объекту адресации на территории муниципального образования Генический муниципальный округ Херсонской области;26.06.2026;Актуальная;c8066404-6113-4951-8f01-ed2ea27d833a;;74517000000;"нет кадастрового номера; индекс не присвоен; ОКТМО бюдж.:74517000;ОКАТО:74217000000;ИФНС:9500";745170000000000000520009000000000;180203713
49;ул. Алмазная;56;Земельный участок;Херсонская область, муниципальный округ Генический, село Бухта, улица Алмазная, земельный участок 56;;22.06.2026;18.06.2026;01/05-421;О присвоении адреса объекту адресации на территории муниципального образования Генический муниципальный округ Херсонской области;22.06.2026;Актуальная;ac3be9eb-13de-4292-8e23-6e3822793011;;74517000000;"нет кадастрового номера; индекс не присвоен; ОКТМО бюдж.:74517000;ОКАТО:74217000000;ИФНС:9500";745170000000000000510035000000000;180103913
50;ул. Алмазная;57;Земельный участок;Херсонская область, муниципальный округ Генический, село Бухта, улица Алмазная, земельный участок 57;;22.06.2026;18.06.2026;01/05-412;О присвоении адреса объекту адресации на территории муниципального образования Генический муниципальный округ Херсонской области;22.06.2026;Актуальная;563db4d2-eafa-4f39-a355-0293585a5bc8;;74517000000;"нет кадастрового номера; индекс не присвоен; ОКТМО бюдж.:74517000;ОКАТО:74217000000;ИФНС:9500";745170000000000000510043000000000;180104020
51;ул. Алмазная;57 строение А;Здание;Херсонская область, муниципальный округ Генический, село Бухта, улица Алмазная, здание 57 строение А;;22.06.2026;18.06.2026;01/05-412;О присвоении адреса объекту адресации на территории муниципального образования Генический муниципальный округ Херсонской области;22.06.2026;Актуальная;8f74735c-f2ce-43f8-b42d-b407897f47dd;;74517000000;"нет кадастрового номера; индекс не присвоен; ОКТМО бюдж.:74517000;ОКАТО:74217000000;ИФНС:9500";745170000000000000530005000000000;180104023
52;ул. Алмазная;57 строение Б;Здание;Херсонская область, муниципальный округ Генический, село Бухта, улица Алмазная, здание 57 строение Б;;22.06.2026;18.06.2026;01/05-412;О присвоении адреса объекту адресации на территории муниципального образования Генический муниципальный округ Херсонской области;22.06.2026;Актуальная;0e7fd833-9dca-487b-9dd3-a0c9a6a24814;;74517000000;"нет кадастрового номера; индекс не присвоен; ОКТМО бюдж.:74517000;ОКАТО:74217000000;ИФНС:9500";745170000000000000530004000000000;180104022
53;ул. Алмазная;58;Земельный участок;Херсонская область, муниципальный округ Генический, село Бухта, улица Алмазная, земельный участок 58;;19.06.2026;19.06.2026;01/05-396;О присвоении адреса объекту адресации на территории муниципального образования Генический муниципальный округ Херсонской области;19.06.2026;Актуальная;abc2e69b-33a0-4795-8725-d3bf0a16382a;;74517000000;"нет кадастрового номера; индекс не присвоен; ОКТМО бюдж.:74517000;ОКАТО:74217000000;ИФНС:9500";745170000000000000510032000000000;180066441
54;ул. Алмазная;59;Земельный участок;Херсонская область, муниципальный округ Генический, село Бухта, улица Алмазная, земельный участок 59;96:01:0005445:291;22.06.2026;18.06.2026;01/05-408;О присвоении адреса объекту адресации на территории муниципального образования Генический муниципальный округ Херсонской области;22.06.2026;Актуальная;3a75f60b-0ba5-4931-a0ec-5278ec55d4d3;;74517000000;"индекс не присвоен; ОКТМО бюдж.:74517000;ОКАТО:74217000000;ИФНС:9500";745170000000000000510040000000000;180104016
55;ул. Алмазная;60;Земельный участок;Херсонская область, муниципальный округ Генический, село Бухта, улица Алмазная, земельный участок 60;;22.06.2026;18.06.2026;01/05-417;О присвоении адреса объекту адресации на территории муниципального образования Генический муниципальный округ Херсонской области;22.06.2026;Актуальная;9f245be1-e4ba-4d8f-b202-935ca11b1737;;74517000000;"нет кадастрового номера; индекс не присвоен; ОКТМО бюдж.:74517000;ОКАТО:74217000000;ИФНС:9500";745170000000000000510033000000000;180103909
56;ул. Алмазная;61/1;Земельный участок;Херсонская область, муниципальный округ Генический, село Бухта, улица Алмазная, земельный участок 61/1;96:01:0005445:296;22.06.2026;18.06.2026;01/05-403;О присвоении адреса объекту адресации на территории муниципального образования Генический муниципальный округ Херсонской области;22.06.2026;Актуальная;8e9db71f-a95a-4c54-a1df-1d544002e889;;74517000000;"индекс не присвоен; ОКТМО бюдж.:74517000;ОКАТО:74217000000;ИФНС:9500";745170000000000000510036000000000;180104011
57;ул. Алмазная;61/2;Земельный участок;Херсонская область, муниципальный округ Генический, село Бухта, улица Алмазная, земельный участок 61/2;96:01:0005445:283;22.06.2026;18.06.2026;01/05-411;О присвоении адреса объекту адресации на территории муниципального образования Генический муниципальный округ Херсонской области;22.06.2026;Актуальная;27e7ae41-1c11-4748-83ac-7e861043175a;;74517000000;"индекс не присвоен; ОКТМО бюдж.:74517000;ОКАТО:74217000000;ИФНС:9500";745170000000000000510042000000000;180104019
58;ул. Алмазная;61/3;Земельный участок;Херсонская область, муниципальный округ Генический, село Бухта, улица Алмазная, земельный участок 61/3;96:01:0005445:297;22.06.2026;18.06.2026;01/05-404;О присвоении адреса объекту адресации на территории муниципального образования Генический муниципальный округ Херсонской области;22.06.2026;Актуальная;8e679921-26cb-4f3d-95eb-4163bf6b523e;;74517000000;"индекс не присвоен; ОКТМО бюдж.:74517000;ОКАТО:74217000000;ИФНС:9500";745170000000000000510037000000000;180104012
59;ул. Алмазная;62;Земельный участок;Херсонская область, муниципальный округ Генический, село Бухта, улица Алмазная, земельный участок 62;96:01:0005445:298;22.06.2026;18.06.2026;01/05-405;О присвоении адреса объекту адресации на территории муниципального образования Генический муниципальный округ Херсонской области;22.06.2026;Актуальная;94237720-05b7-481e-86fb-1597b3f313d1;;74517000000;"индекс не присвоен; ОКТМО бюдж.:74517000;ОКАТО:74217000000;ИФНС:9500";745170000000000000510038000000000;180104013
60;ул. Набережная;10;Земельный участок;Херсонская область, муниципальный округ Генический, село Бухта, улица Набережная, земельный участок 10;;23.06.2026;22.06.2026;01/05-436;О присвоении адреса объекту адресации на территории муниципального образования Генический муниципальный округ Херсонской области;23.06.2026;Актуальная;3182083a-4923-41ea-bc21-0aafb66ad084;;74517000000;"нет кадастрового номера; индекс не присвоен; ОКТМО бюдж.:74517000;ОКАТО:74217000000;ИФНС:9500";745170000000000000410029000000000;180132321
61;ул. Набережная;11;Земельный участок;Херсонская область, муниципальный округ Генический, село Бухта, улица Набережная, земельный участок 11;;23.06.2026;22.06.2026;01/05-437;О присвоении адреса объекту адресации на территории муниципального образования Генический муниципальный округ Херсонской области;23.06.2026;Актуальная;b67578d9-ce08-4cdd-b994-a688c5f079d2;;74517000000;"нет кадастрового номера; индекс не присвоен; ОКТМО бюдж.:74517000;ОКАТО:74217000000;ИФНС:9500";745170000000000000410028000000000;180132320
62;ул. Набережная;12;Земельный участок;Херсонская область, муниципальный округ Генический, село Бухта, улица Набережная, земельный участок 12;96:01:0005445:271;11.06.2026;10.06.2026;01/05-366;О присвоении адреса объекту адресации на территории муниципального образования Генический муниципальный округ Херсонской области;17.06.2026;Актуальная;b5afab01-868b-43d9-ac48-6eb8881aa7fe;;74517000000;"индекс не присвоен; ОКТМО бюдж.:74517000;ОКАТО:74217000000;ИФНС:9500";745170000000000000410008000000010;179929639
63;ул. Набережная;12;Дом;Херсонская область, муниципальный округ Генический, село Бухта, улица Набережная, дом 12;96:01:0005579:2137;11.06.2026;10.06.2026;01/05-366;О присвоении адреса объекту адресации на территории муниципального образования Генический муниципальный округ Херсонской области;17.06.2026;Актуальная;a06a9ff6-fc87-4d4e-a3db-d8c29419d6c6;;74517000000;"индекс не присвоен; ОКТМО бюдж.:74517000;ОКАТО:74217000000;ИФНС:9500";745170000000000000420005000000000;179929640
64;ул. Набережная;12/1;Земельный участок;Херсонская область, муниципальный округ Генический, село Бухта, улица Набережная, земельный участок 12/1;;11.06.2026;10.06.2026;01/05-371;О присвоении адреса объекту адресации на территории муниципального образования Генический муниципальный округ Херсонской области;11.06.2026;Актуальная;4cb3043d-14bc-4d6c-9209-99d6c6805c18;;74517000000;"нет кадастрового номера; индекс не присвоен; ОКТМО бюдж.:74517000;ОКАТО:74217000000;ИФНС:9500";745170000000000000410012000000000;179929683
65;ул. Набережная;12/2;Земельный участок;Херсонская область, муниципальный округ Генический, село Бухта, улица Набережная, земельный участок 12/2;;11.06.2026;10.06.2026;01/05-373;О присвоении адреса объекту адресации на территории муниципального образования Генический муниципальный округ Херсонской области;11.06.2026;Актуальная;f07870bb-b9dc-4567-9d00-9fe75ef44bc8;;74517000000;"нет кадастрового номера; индекс не присвоен; ОКТМО бюдж.:74517000;ОКАТО:74217000000;ИФНС:9500";745170000000000000410014000000000;179929709
66;ул. Набережная;14;Земельный участок;Херсонская область, муниципальный округ Генический, село Бухта, улица Набережная, земельный участок 14;96:01:0005445:186;11.06.2026;10.06.2026;01/05-369;О присвоении адреса объекту адресации на территории муниципального образования Генический муниципальный округ Херсонской области;17.06.2026;Актуальная;1a1347a0-b1f5-4aa9-bfe6-46e1ce230565;;74517000000;"индекс не присвоен; ОКТМО бюдж.:74517000;ОКАТО:74217000000;ИФНС:9500";745170000000000000410010000000010;179929642
67;ул. Набережная;15;Земельный участок;Херсонская область, муниципальный округ Генический, село Бухта, улица Набережная, земельный участок 15;;11.06.2026;10.06.2026;01/05-370;О присвоении адреса объекту адресации на территории муниципального образования Генический муниципальный округ Херсонской области;11.06.2026;Актуальная;9edd6fad-3415-409f-aba3-c405e5f821f9;;74517000000;"нет кадастрового номера; индекс не присвоен; ОКТМО бюдж.:74517000;ОКАТО:74217000000;ИФНС:9500";745170000000000000410011000000000;179929643
68;ул. Набережная;16;Земельный участок;Херсонская область, муниципальный округ Генический, село Бухта, улица Набережная, земельный участок 16;;11.06.2026;10.06.2026;01/05-372;О присвоении адреса объекту адресации на территории муниципального образования Генический муниципальный округ Херсонской области;11.06.2026;Актуальная;549fc054-75a9-4417-b255-8d82df8f5c59;;74517000000;"нет кадастрового номера; индекс не присвоен; ОКТМО бюдж.:74517000;ОКАТО:74217000000;ИФНС:9500";745170000000000000410013000000000;179929707
69;ул. Набережная;33/1;Земельный участок;Херсонская область, муниципальный округ Генический, село Бухта, улица Набережная, земельный участок 33/1;;23.06.2026;22.06.2026;01/05-438;О присвоении адреса объекту адресации на территории муниципального образования Генический муниципальный округ Херсонской области;23.06.2026;Актуальная;34e4b758-5956-4820-8b07-afd19b1838f2;;74517000000;"нет кадастрового номера; индекс не присвоен; ОКТМО бюдж.:74517000;ОКАТО:74217000000;ИФНС:9500";745170000000000000410027000000000;180132266
70;ул. Набережная;46;Земельный участок;Херсонская область, муниципальный округ Генический, село Бухта, улица Набережная, земельный участок 46;96:01:0005445:254;11.06.2026;10.06.2026;01/05-374;О присвоении адреса объекту адресации на территории муниципального образования Генический муниципальный округ Херсонской области;17.06.2026;Актуальная;598b23d7-adf7-4319-a345-be61dac8ad82;;74517000000;"индекс не присвоен; ОКТМО бюдж.:74517000;ОКАТО:74217000000;ИФНС:9500";745170000000000000410015000000010;179929710
71;ул. Набережная;46 строение А;Здание;Херсонская область, муниципальный округ Генический, село Бухта, улица Набережная, здание 46 строение А;96:01:0005445:262;11.06.2026;10.06.2026;01/05-374;О присвоении адреса объекту адресации на территории муниципального образования Генический муниципальный округ Херсонской области;17.06.2026;Актуальная;3215b574-0d6b-4a8b-8373-96b5e50f2459;;74517000000;"индекс не присвоен; ОКТМО бюдж.:74517000;ОКАТО:74217000000;ИФНС:9500";745170000000000000430008000000000;179929715
72;ул. Набережная;46 строение Б;Здание;Херсонская область, муниципальный округ Генический, село Бухта, улица Набережная, здание 46 строение Б;96:01:0005445:263;11.06.2026;10.06.2026;01/05-374;О присвоении адреса объекту адресации на территории муниципального образования Генический муниципальный округ Херсонской области;17.06.2026;Актуальная;080bc60a-a9bf-4e18-8bae-719ea0efe457;;74517000000;"индекс не присвоен; ОКТМО бюдж.:74517000;ОКАТО:74217000000;ИФНС:9500";745170000000000000430007000000000;179929714
73;ул. Набережная;46 строение В;Здание;Херсонская область, муниципальный округ Генический, село Бухта, улица Набережная, здание 46 строение В;96:01:0005445:264;11.06.2026;10.06.2026;01/05-374;О присвоении адреса объекту адресации на территории муниципального образования Генический муниципальный округ Херсонской области;17.06.2026;Актуальная;cd7285d2-221a-4d9f-a96b-e14b708fd677;;74517000000;"индекс не присвоен; ОКТМО бюдж.:74517000;ОКАТО:74217000000;ИФНС:9500";745170000000000000430006000000000;179929713
74;ул. Набережная;47;Земельный участок;Херсонская область, муниципальный округ Генический, село Бухта, улица Набережная, земельный участок 47;96:01:0005445:272;11.06.2026;10.06.2026;01/05-367;О присвоении адреса объекту адресации на территории муниципального образования Генический муниципальный округ Херсонской области;17.06.2026;Актуальная;8eed30cc-6381-476e-8652-b545dcf025ed;;74517000000;"индекс не присвоен; ОКТМО бюдж.:74517000;ОКАТО:74217000000;ИФНС:9500";745170000000000000410009000000010;179929641
75;ул. Набережная;48;Земельный участок;Херсонская область, муниципальный округ Генический, село Бухта, улица Набережная, земельный участок 48;96:01:0005445:32;11.06.2026;10.06.2026;01/05-378;О присвоении адреса объекту адресации на территории муниципального образования Генический муниципальный округ Херсонской области;17.06.2026;Актуальная;61a1b39c-5fe8-4c60-b498-74c4bd1e3fd5;;74517000000;"индекс не присвоен; ОКТМО бюдж.:74517000;ОКАТО:74217000000;ИФНС:9500";745170000000000000410016000000010;179929724
76;ул. Набережная;48 строение А;Здание;Херсонская область, муниципальный округ Генический, село Бухта, улица Набережная, здание 48 строение А;96:01:0005445:268;11.06.2026;10.06.2026;01/05-378;О присвоении адреса объекту адресации на территории муниципального образования Генический муниципальный округ Херсонской области;17.06.2026;Актуальная;ef95a61a-3f4b-4900-8598-df0dd53112d3;;74517000000;"индекс не присвоен; ОКТМО бюдж.:74517000;ОКАТО:74217000000;ИФНС:9500";745170000000000000430010000000000;179929726
77;ул. Набережная;48 строение Б;Здание;Херсонская область, муниципальный округ Генический, село Бухта, улица Набережная, здание 48 строение Б;96:01:0005445:269;11.06.2026;10.06.2026;01/05-378;О присвоении адреса объекту адресации на территории муниципального образования Генический муниципальный округ Херсонской области;17.06.2026;Актуальная;1fc2a1ae-09bf-4cec-9737-e5c7e1b01f75;;74517000000;"индекс не присвоен; ОКТМО бюдж.:74517000;ОКАТО:74217000000;ИФНС:9500";745170000000000000430009000000000;179929725
78;ул. Набережная;49;Земельный участок;Херсонская область, муниципальный округ Генический, село Бухта, улица Набережная, земельный участок 49;96:01:0005445:33;11.06.2026;10.06.2026;01/05-379;О присвоении адреса объекту адресации на территории муниципального образования Генический муниципальный округ Херсонской области;17.06.2026;Актуальная;a15c48a2-8146-428a-9c78-3b13af11e09c;;74517000000;"индекс не присвоен; ОКТМО бюдж.:74517000;ОКАТО:74217000000;ИФНС:9500";745170000000000000410017000000010;179929727
79;ул. Набережная;49 строение А;Здание;Херсонская область, муниципальный округ Генический, село Бухта, улица Набережная, здание 49 строение А;96:01:0005579:2292;11.06.2026;10.06.2026;01/05-379;О присвоении адреса объекту адресации на территории муниципального образования Генический муниципальный округ Херсонской области;17.06.2026;Актуальная;3330326e-6007-4f57-921a-a204081e5dab;;74517000000;"индекс не присвоен; ОКТМО бюдж.:74517000;ОКАТО:74217000000;ИФНС:9500";745170000000000000430013000000000;179929731
80;ул. Набережная;49 строение Б;Здание;Херсонская область, муниципальный округ Генический, село Бухта, улица Набережная, здание 49 строение Б;96:01:0005579:2293;11.06.2026;10.06.2026;01/05-379;О присвоении адреса объекту адресации на территории муниципального образования Генический муниципальный округ Херсонской области;17.06.2026;Актуальная;ee8fea55-e264-4e68-905b-e9e9e72ccb68;;74517000000;"индекс не присвоен; ОКТМО бюдж.:74517000;ОКАТО:74217000000;ИФНС:9500";745170000000000000430012000000000;179929730
81;ул. Набережная;49 строение В;Здание;Херсонская область, муниципальный округ Генический, село Бухта, улица Набережная, здание 49 строение В;96:01:0005579:2294;11.06.2026;10.06.2026;01/05-379;О присвоении адреса объекту адресации на территории муниципального образования Генический муниципальный округ Херсонской области;17.06.2026;Актуальная;59ea4c1e-c3e2-48f5-883c-1b42801c7faf;;74517000000;"индекс не присвоен; ОКТМО бюдж.:74517000;ОКАТО:74217000000;ИФНС:9500";745170000000000000430011000000000;179929729
82;ул. Набережная;51;Земельный участок;Херсонская область, муниципальный округ Генический, село Бухта, улица Набережная, земельный участок 51;96:01:0005445:34;11.06.2026;10.06.2026;01//05-380;О присвоении адреса объекту адресации на территории муниципального образования Генический муниципальный округ Херсонской области;17.06.2026;Актуальная;d899c719-ec71-4dfa-898c-4d6f71d12e79;;74517000000;"индекс не присвоен; ОКТМО бюдж.:74517000;ОКАТО:74217000000;ИФНС:9500";745170000000000000410018000000010;179929733
83;ул. Набережная;51 строение А;Здание;Херсонская область, муниципальный округ Генический, село Бухта, улица Набережная, здание 51 строение А;96:01:0005445:267;11.06.2026;10.06.2026;01//05-380;О присвоении адреса объекту адресации на территории муниципального образования Генический муниципальный округ Херсонской области;17.06.2026;Актуальная;ce3e7934-76e7-4e89-9959-962daad89bc2;;74517000000;"индекс не присвоен; ОКТМО бюдж.:74517000;ОКАТО:74217000000;ИФНС:9500";745170000000000000430015000000000;179929736
84;ул. Набережная;51 строение Б;Здание;Херсонская область, муниципальный округ Генический, село Бухта, улица Набережная, здание 51 строение Б;96:01:0005445:266;11.06.2026;10.06.2026;01//05-380;О присвоении адреса объекту адресации на территории муниципального образования Генический муниципальный округ Херсонской области;17.06.2026;Актуальная;3689df77-94d5-4761-bb5c-04b805c9c8d2;;74517000000;"индекс не присвоен; ОКТМО бюдж.:74517000;ОКАТО:74217000000;ИФНС:9500";745170000000000000430014000000000;179929734
85;ул. Набережная;53;Земельный участок;Херсонская область, муниципальный округ Генический, село Бухта, улица Набережная, земельный участок 53;96:01:0005553:277;11.06.2026;10.06.2026;01/05-381;О присвоении адреса объекту адресации на территории муниципального образования Генический муниципальный округ Херсонской области;17.06.2026;Актуальная;30e3654c-43e0-4644-84f0-fa5aa60b378d;;74517000000;"индекс не присвоен; ОКТМО бюдж.:74517000;ОКАТО:74217000000;ИФНС:9500";745170000000000000410019000000010;179929737
86;ул. Набережная;53;Здание;Херсонская область, муниципальный округ Генический, село Бухта, улица Набережная, здание 53;96:01:0005445:265;11.06.2026;10.06.2026;01/05-381;О присвоении адреса объекту адресации на территории муниципального образования Генический муниципальный округ Херсонской области;17.06.2026;Актуальная;ecf4344b-f2df-4c10-b294-dac32a433e09;;74517000000;"индекс не присвоен; ОКТМО бюдж.:74517000;ОКАТО:74217000000;ИФНС:9500";745170000000000000420016000000000;179929738
87;ул. Набережная;70;Земельный участок;Херсонская область, муниципальный округ Генический, село Бухта, улица Набережная, земельный участок 70;96:01:0005553:276;11.06.2026;10.06.2026;01/05-382;О присвоении адреса объекту адресации на территории муниципального образования Генический муниципальный округ Херсонской области;17.06.2026;Актуальная;2fb6c40e-7bf2-463c-b893-68fa511b2d45;;74517000000;"индекс не присвоен; ОКТМО бюдж.:74517000;ОКАТО:74217000000;ИФНС:9500";745170000000000000410020000000010;179929740
88;ул. Набережная;70;Здание;Херсонская область, муниципальный округ Генический, село Бухта, улица Набережная, здание 70;96:01:0005579:2296;11.06.2026;10.06.2026;01/05-382;О присвоении адреса объекту адресации на территории муниципального образования Генический муниципальный округ Херсонской области;17.06.2026;Актуальная;cd0b6fa6-ae83-4f40-8dd0-ac1d0dc99d02;;74517000000;"индекс не присвоен; ОКТМО бюдж.:74517000;ОКАТО:74217000000;ИФНС:9500";745170000000000000420017000000000;179929741
89;ул. Набережная;71;Земельный участок;Херсонская область, муниципальный округ Генический, село Бухта, улица Набережная, земельный участок 71;96:01:0005445:35;11.06.2026;10.06.2026;01/05-383;О присвоении адреса объекту адресации на территории муниципального образования Генический муниципальный округ Херсонской области;17.06.2026;Актуальная;34b2bedd-5604-415b-acad-1b049d4da919;;74517000000;"индекс не присвоен; ОКТМО бюдж.:74517000;ОКАТО:74217000000;ИФНС:9500";745170000000000000410021000000010;179929743
90;ул. Набережная;71 строение А;Здание;Херсонская область, муниципальный округ Генический, село Бухта, улица Набережная, здание 71 строение А;96:01:0005579:2297;11.06.2026;10.06.2026;01/05-383;О присвоении адреса объекту адресации на территории муниципального образования Генический муниципальный округ Херсонской области;17.06.2026;Актуальная;2818ebce-06ce-4b36-a5c5-e97ecc36304b;;74517000000;"индекс не присвоен; ОКТМО бюдж.:74517000;ОКАТО:74217000000;ИФНС:9500";745170000000000000430019000000000;179929745
91;ул. Набережная;71 строение Б;Здание;Херсонская область, муниципальный округ Генический, село Бухта, улица Набережная, здание 71 строение Б;96:01:0005579:2298;11.06.2026;10.06.2026;01/05-383;О присвоении адреса объекту адресации на территории муниципального образования Генический муниципальный округ Херсонской области;17.06.2026;Актуальная;7a910e01-9f85-4fea-a5f6-e4d2f2f46931;;74517000000;"индекс не присвоен; ОКТМО бюдж.:74517000;ОКАТО:74217000000;ИФНС:9500";745170000000000000430018000000000;179929744
92;ул. Набережная;72;Земельный участок;Херсонская область, муниципальный округ Генический, село Бухта, улица Набережная, земельный участок 72;96:01:0005553:275;11.06.2026;10.06.2026;01/05-365;О присвоении адреса объекту адресации на территории муниципального образования Генический муниципальный округ Херсонской области;17.06.2026;Актуальная;3b66dbac-4889-45c0-8bd8-354ff586c708;;74517000000;"индекс не присвоен; ОКТМО бюдж.:74517000;ОКАТО:74217000000;ИФНС:9500";745170000000000000410007000000010;179929636
93;ул. Набережная;72;Здание;Херсонская область, муниципальный округ Генический, село Бухта, улица Набережная, здание 72;96:01:0005579:2196;11.06.2026;10.06.2026;01/05-365;О присвоении адреса объекту адресации на территории муниципального образования Генический муниципальный округ Херсонской области;17.06.2026;Актуальная;18f91f5a-f732-4fa6-846f-cb8f8209b2a3;;74517000000;"индекс не присвоен; ОКТМО бюдж.:74517000;ОКАТО:74217000000;ИФНС:9500";745170000000000000420004000000000;179929637
94;ул. Набережная;73;Земельный участок;Херсонская область, муниципальный округ Генический, село Бухта, улица Набережная, земельный участок 73;;26.06.2026;25.06.2026;01/05-460;О присвоении адреса объекту адресации на территории муниципального образования Генический муниципальный округ Херсонской области;26.06.2026;Актуальная;0101f663-c319-43e3-bd0c-f07b9c98d9d7;;74517000000;"нет кадастрового номера; индекс не присвоен; ОКТМО бюдж.:74517000;ОКАТО:74217000000;ИФНС:9500";745170000000000000410033000000000;180203710
95;ул. Набережная;73;Здание;Херсонская область, муниципальный округ Генический, село Бухта, улица Набережная, здание 73;;26.06.2026;25.06.2026;01/05-460;О присвоении адреса объекту адресации на территории муниципального образования Генический муниципальный округ Херсонской области;26.06.2026;Актуальная;892da3a7-dc52-4580-8d10-7af97dc485e5;;74517000000;"нет кадастрового номера; индекс не присвоен; ОКТМО бюдж.:74517000;ОКАТО:74217000000;ИФНС:9500";745170000000000000420023000000000;180203711
96;ул. Набережная;74;Земельный участок;Херсонская область, муниципальный округ Генический, село Бухта, улица Набережная, земельный участок 74;;22.06.2026;18.06.2026;01/05-416;О присвоении адреса объекту адресации на территории муниципального образования Генический муниципальный округ Херсонской области;22.06.2026;Актуальная;ab928af7-70c9-4c75-8cfd-3ba8f1f0d8cc;;74517000000;"нет кадастрового номера; индекс не присвоен; ОКТМО бюдж.:74517000;ОКАТО:74217000000;ИФНС:9500";745170000000000000410023000000000;180103907
97;ул. Набережная;75;Земельный участок;Херсонская область, муниципальный округ Генический, село Бухта, улица Набережная, земельный участок 75;;22.06.2026;18.06.2026;01/05-415;О присвоении адреса объекту адресации на территории муниципального образования Генический муниципальный округ Херсонской области;22.06.2026;Актуальная;97a34a2a-a48d-4067-a757-4351dfedf2a4;;74517000000;"нет кадастрового номера; индекс не присвоен; ОКТМО бюдж.:74517000;ОКАТО:74217000000;ИФНС:9500";745170000000000000410022000000000;180103906
98;ул. Набережная;76;Земельный участок;Херсонская область, муниципальный округ Генический, село Бухта, улица Набережная, земельный участок 76;96:01:0005445:29;05.06.2026;04.06.2026;01/05-312;О присвоении адреса объекту адресации на территории муниципального округа Генический муниципальный округ Херсонской области;14.07.2026;Актуальная;94c2e996-2c09-4e9b-878f-88e401d40852;;74517000000;"индекс не присвоен; ОКТМО бюдж.:74517000;ОКАТО:74217000000;ИФНС:9500";745170000000000000410003000000010;179798114
99;ул. Набережная;76;Здание;Херсонская область, муниципальный округ Генический, село Бухта, улица Набережная, здание 76;96:01:0005579:2299;05.06.2026;04.06.2026;01/05-312;О присвоении адреса объекту адресации на территории муниципального округа Генический муниципальный округ Херсонской области;14.07.2026;Актуальная;786476bf-16e8-4705-a1f9-ad393c50f147;;74517000000;"индекс не присвоен; ОКТМО бюдж.:74517000;ОКАТО:74217000000;ИФНС:9500";745170000000000000420002000000000;179798116
100;ул. Набережная;76/1;Земельный участок;Херсонская область, муниципальный округ Генический, село Бухта, улица Набережная, земельный участок 76/1;96:01:0005445:25;05.06.2026;04.06.2026;01/05-311;О присвоении адреса объекту адресации на территории муниципального округа Генический муниципальный округ Херсонской области;14.07.2026;Актуальная;a283693d-f6e6-43c9-b540-edec7bc8f53c;;74517000000;"индекс не присвоен; ОКТМО бюдж.:74517000;ОКАТО:74217000000;ИФНС:9500";745170000000000000410002000000010;179798112
101;ул. Набережная;78;Земельный участок;Херсонская область, муниципальный округ Генический, село Бухта, улица Набережная, земельный участок 78;96:01:0005445:42;05.06.2026;04.06.2026;01/05-316;О присвоении адреса объекту адресации на территории муниципального округа Генический муниципальный округ Херсонской области;14.07.2026;Актуальная;ce7509da-8da8-48fb-a0e8-dfe9b0baaedd;;74517000000;"индекс не присвоен; ОКТМО бюдж.:74517000;ОКАТО:74217000000;ИФНС:9500";745170000000000000410001000000010;179798107
102;ул. Набережная;78;Здание;Херсонская область, муниципальный округ Генический, село Бухта, улица Набережная, здание 78;96:01:0005579:273;05.06.2026;04.06.2026;01/05-316;О присвоении адреса объекту адресации на территории муниципального округа Генический муниципальный округ Херсонской области;14.07.2026;Актуальная;e9957ef2-5265-4a52-a7fb-b662bfb67f73;;74517000000;"индекс не присвоен; ОКТМО бюдж.:74517000;ОКАТО:74217000000;ИФНС:9500";745170000000000000420001000000000;179798108
103;ул. Набережная;164;Земельный участок;Херсонская область, муниципальный округ Генический, село Бухта, улица Набережная, земельный участок 164;;26.06.2026;25.06.2026;01/05-458;О присвоении адреса объекту адресации на территории муниципального образования Генический муниципальный округ Херсонской области;26.06.2026;Актуальная;dea7c834-1bb9-49e4-894f-f67174aa5298;;74517000000;"нет кадастрового номера; индекс не присвоен; ОКТМО бюдж.:74517000;ОКАТО:74217000000;ИФНС:9500";745170000000000000410031000000000;180201990
104;ул. Набережная;164;Здание;Херсонская область, муниципальный округ Генический, село Бухта, улица Набережная, здание 164;;26.06.2026;25.06.2026;01/05-458;О присвоении адреса объекту адресации на территории муниципального образования Генический муниципальный округ Херсонской области;26.06.2026;Актуальная;74feaf61-5595-4e9d-8215-91fbcb17d7d1;;74517000000;"нет кадастрового номера; индекс не присвоен; ОКТМО бюдж.:74517000;ОКАТО:74217000000;ИФНС:9500";745170000000000000420021000000000;180201991
105;ул. Набережная;165;Земельный участок;Херсонская область, муниципальный округ Генический, село Бухта, улица Набережная, земельный участок 165;;26.06.2026;25.06.2026;01/05-457;О присвоении адреса объекту адресации на территории муниципального образования Генический муниципальный округ Херсонской области;26.06.2026;Актуальная;500e40a8-45a6-49fa-8ad3-0f12013f77ff;;74517000000;"нет кадастрового номера; индекс не присвоен; ОКТМО бюдж.:74517000;ОКАТО:74217000000;ИФНС:9500";745170000000000000410030000000000;180201984
106;ул. Набережная;165;Здание;Херсонская область, муниципальный округ Генический, село Бухта, улица Набережная, здание 165;;26.06.2026;25.06.2026;01/05-457;О присвоении адреса объекту адресации на территории муниципального образования Генический муниципальный округ Херсонской области;26.06.2026;Актуальная;90598b29-6682-4979-8ea6-37b6d79a328f;;74517000000;"нет кадастрового номера; индекс не присвоен; ОКТМО бюдж.:74517000;ОКАТО:74217000000;ИФНС:9500";745170000000000000420020000000000;180201987
107;ул. Набережная;166;Земельный участок;Херсонская область, муниципальный округ Генический, село Бухта, улица Набережная, земельный участок 166;;26.06.2026;25.06.2026;01/05-459;О присвоении адреса объекту адресации на территории муниципального образования Генический муниципальный округ Херсонской области;26.06.2026;Актуальная;b6218ffe-096f-4310-b429-1b3da068bd1d;;74517000000;"нет кадастрового номера; индекс не присвоен; ОКТМО бюдж.:74517000;ОКАТО:74217000000;ИФНС:9500";745170000000000000410032000000000;180203708
108;ул. Набережная;166;Здание;Херсонская область, муниципальный округ Генический, село Бухта, улица Набережная, здание 166;;26.06.2026;25.06.2026;01/05-459;О присвоении адреса объекту адресации на территории муниципального образования Генический муниципальный округ Херсонской области;26.06.2026;Актуальная;5392963f-9e6a-491a-8795-14cf0b85740b;;74517000000;"нет кадастрового номера; индекс не присвоен; ОКТМО бюдж.:74517000;ОКАТО:74217000000;ИФНС:9500";745170000000000000420022000000000;180203709
109;ул. Набережная;168;Земельный участок;Херсонская область, муниципальный округ Генический, село Бухта, улица Набережная, земельный участок 168;;22.06.2026;18.06.2026;01/05-400;О присвоении адреса объекту адресации на территории муниципального образования Генический муниципальный округ Херсонской области;22.06.2026;Актуальная;382eacd9-ef06-40f4-96fd-b371587c285f;;74517000000;"нет кадастрового номера; индекс не присвоен; ОКТМО бюдж.:74517000;ОКАТО:74217000000;ИФНС:9500";745170000000000000410025000000000;180104008
110;ул. Набережная;169/1;Земельный участок;Херсонская область, муниципальный округ Генический, село Бухта, улица Набережная, земельный участок 169/1;96:01:0005445:274;05.06.2026;04.06.2026;01/05-314;О присвоении адреса объекту адресации на территории муниципального округа Генический муниципальный округ Херсонской области;14.07.2026;Актуальная;21ebb2e6-d8e2-4ca2-b274-2355196a6377;;74517000000;"индекс не присвоен; ОКТМО бюдж.:74517000;ОКАТО:74217000000;ИФНС:9500";745170000000000000410005000000010;179798135
111;ул. Набережная;169/1;Здание;Херсонская область, муниципальный округ Генический, село Бухта, улица Набережная, здание 169/1;96:01:0005445:260;05.06.2026;04.06.2026;01/05-314;О присвоении адреса объекту адресации на территории муниципального округа Генический муниципальный округ Херсонской области;14.07.2026;Актуальная;bcddcb36-24c8-4d15-9645-35b5cef3a9b0;;74517000000;"индекс не присвоен; ОКТМО бюдж.:74517000;ОКАТО:74217000000;ИФНС:9500";745170000000000000420003000000000;179798156
112;ул. Набережная;169/2;Земельный участок;Херсонская область, муниципальный округ Генический, село Бухта, улица Набережная, земельный участок 169/2;;05.06.2026;04.06.2026;01/05-315;О присвоении адреса объекту адресации на территории муниципального округа Генический муниципальный округ Херсонской области;05.06.2026;Актуальная;d3af448f-098d-4d53-9310-112b2065370c;;74517000000;"нет кадастрового номера; индекс не присвоен; ОКТМО бюдж.:74517000;ОКАТО:74217000000;ИФНС:9500";745170000000000000410004000000000;179798134
113;ул. Набережная;169/3;Земельный участок;Херсонская область, муниципальный округ Генический, село Бухта, улица Набережная, земельный участок 169/3;96:01:0005445:232;05.06.2026;04.06.2026;01/05-313;О присвоении адреса объекту адресации на территории муниципального округа Генический муниципальный округ Херсонской области;14.07.2026;Актуальная;6fb72869-b6f5-4ba9-aebc-749ff873574a;;74517000000;"индекс не присвоен; ОКТМО бюдж.:74517000;ОКАТО:74217000000;ИФНС:9500";745170000000000000410006000000010;179798157
114;ул. Набережная;170;Земельный участок;Херсонская область, муниципальный округ Генический, село Бухта, улица Набережная, земельный участок 170;;22.06.2026;18.06.2026;01/05-399;О присвоении адреса объекту адресации на территории муниципального образования Генический муниципальный округ Херсонской области;22.06.2026;Актуальная;a59396a6-847a-442a-81ee-53cf9e7f5f64;;74517000000;"нет кадастрового номера; индекс не присвоен; ОКТМО бюдж.:74517000;ОКАТО:74217000000;ИФНС:9500";745170000000000000410024000000000;180104007
115;ул. Набережная;171;Земельный участок;Херсонская область, муниципальный округ Генический, село Бухта, улица Набережная, земельный участок 171;96:01:0005445:281;22.06.2026;18.06.2026;01/05-407;О присвоении адреса объекту адресации на территории муниципального образования Генический муниципальный округ Херсонской области;22.06.2026;Актуальная;fa7b2484-c491-4aee-8514-64659611dd35;;74517000000;"индекс не присвоен; ОКТМО бюдж.:74517000;ОКАТО:74217000000;ИФНС:9500";745170000000000000410026000000000;180104015
116;ул. Утлюкская;7;Земельный участок;Херсонская область, муниципальный округ Генический, село Бухта, улица Утлюкская, земельный участок 7;96:01:0005445:275;05.06.2026;04.06.2026;01/05-317;О присвоении адреса объекту адресации на территории муниципального округа Генический муниципальный округ Херсонской области;14.07.2026;Актуальная;65e087c7-673a-4c17-bf94-adcedc2f0832;;74517000000;"индекс не присвоен; ОКТМО бюдж.:74517000;ОКАТО:74217000000;ИФНС:9500";745170000000000000310001000000010;179798106
117;ул. Утлюкская;20;Земельный участок;Херсонская область, муниципальный округ Генический, село Бухта, улица Утлюкская, земельный участок 20;;03.07.2026;03.07.2026;01/05-476;О присвоении адреса объекту адресации на территории муниципального образования Генический муниципальный округ Херсонской области;03.07.2026;Актуальная;00e06314-30cf-4b63-babc-d4a6c3ca1bd3;;74517000000;"нет кадастрового номера; индекс не присвоен; ОКТМО бюдж.:74517000;ОКАТО:74217000000;ИФНС:9500";745170000000000000310016000000000;180352917
118;ул. Утлюкская;30;Земельный участок;Херсонская область, муниципальный округ Генический, село Бухта, улица Утлюкская, земельный участок 30;;22.06.2026;18.06.2026;01/05-418;О присвоении адреса объекту адресации на территории муниципального образования Генический муниципальный округ Херсонской области;22.06.2026;Актуальная;480cf3f3-b531-4747-b621-cb69d1fee1b6;;74517000000;"нет кадастрового номера; индекс не присвоен; ОКТМО бюдж.:74517000;ОКАТО:74217000000;ИФНС:9500";745170000000000000310004000000000;180103910
119;ул. Утлюкская;31;Земельный участок;Херсонская область, муниципальный округ Генический, село Бухта, улица Утлюкская, земельный участок 31;96:01:0005445:293;22.06.2026;18.06.2026;01/05-402;О присвоении адреса объекту адресации на территории муниципального образования Генический муниципальный округ Херсонской области;22.06.2026;Актуальная;413d99ed-00e8-4d66-9f09-2508952faf99;;74517000000;"индекс не присвоен; ОКТМО бюдж.:74517000;ОКАТО:74217000000;ИФНС:9500";745170000000000000310008000000000;180104010
120;ул. Утлюкская;32;Земельный участок;Херсонская область, муниципальный округ Генический, село Бухта, улица Утлюкская, земельный участок 32;96:01:0005445:294;22.06.2026;18.06.2026;01/05-401;О присвоении адреса объекту адресации на территории муниципального образования Генический муниципальный округ Херсонской области;22.06.2026;Актуальная;152e56c3-0970-46e0-8ef8-7492860ef72a;;74517000000;"индекс не присвоен; ОКТМО бюдж.:74517000;ОКАТО:74217000000;ИФНС:9500";745170000000000000310007000000000;180104009
121;ул. Утлюкская;33;Земельный участок;Херсонская область, муниципальный округ Генический, село Бухта, улица Утлюкская, земельный участок 33;96:01:0005445:295;22.06.2026;18.06.2026;01/05-398;О присвоении адреса объекту адресации на территории муниципального образования Генический муниципальный округ Херсонской области;22.06.2026;Актуальная;9dd948e1-0ed6-40e8-8910-4ff659ceba3b;;74517000000;"индекс не присвоен; ОКТМО бюдж.:74517000;ОКАТО:74217000000;ИФНС:9500";745170000000000000310006000000000;180104006
122;ул. Утлюкская;33/1;Дом;Херсонская область, муниципальный округ Генический, село Бухта, улица Утлюкская, дом 33/1;;25.06.2026;24.06.2026;01/05-452;О присвоении адреса объекту адресации на территории муниципального образования Генический муниципальный округ Херсонской области;25.06.2026;Актуальная;98fca5e0-b326-467b-9a47-5d2fdfaa819b;;74517000000;"нет кадастрового номера; индекс не присвоен; ОКТМО бюдж.:74517000;ОКАТО:74217000000;ИФНС:9500";745170000000000000320005000000000;180177926
123;ул. Утлюкская;34;Земельный участок;Херсонская область, муниципальный округ Генический, село Бухта, улица Утлюкская, земельный участок 34;96:01:0005445:292;22.06.2026;18.06.2026;01/05-409;О присвоении адреса объекту адресации на территории муниципального образования Генический муниципальный округ Херсонской области;22.06.2026;Актуальная;b1cf4a06-428a-4589-9465-d280478758e6;;74517000000;"индекс не присвоен; ОКТМО бюдж.:74517000;ОКАТО:74217000000;ИФНС:9500";745170000000000000310009000000000;180104017
124;ул. Утлюкская;35;Земельный участок;Херсонская область, муниципальный округ Генический, село Бухта, улица Утлюкская, земельный участок 35;;22.06.2026;18.06.2026;01/05-420;О присвоении адреса объекту адресации на территории муниципального образования Генический муниципальный округ Херсонской области;22.06.2026;Актуальная;b415fefa-93f9-4145-a985-13d98ca903fe;;74517000000;"нет кадастрового номера; индекс не присвоен; ОКТМО бюдж.:74517000;ОКАТО:74217000000;ИФНС:9500";745170000000000000310005000000000;180103911
125;ул. Утлюкская;76;Земельный участок;Херсонская область, муниципальный округ Генический, село Бухта, улица Утлюкская, земельный участок 76;96:01:0005445:261;11.06.2026;10.06.2026;01/05-337;О присвоении адреса объекту адресации на территории муниципального образования Генический муниципальный округ Херсонской области;14.07.2026;Актуальная;f16e64ae-78f7-4dff-98f8-a6d7eba07bdd;;74517000000;"индекс не присвоен; ОКТМО бюдж.:74517000;ОКАТО:74217000000;ИФНС:9500";745170000000000000310002000000010;179929781
126;ул. Утлюкская;76;Здание;Херсонская область, муниципальный округ Генический, село Бухта, улица Утлюкская, здание 76;;09.06.2026;03.06.2026;01/05-307;О присвоении адреса объекту адресации на территории муниципального образования Генический муниципальный округ Херсонской области;09.06.2026;Актуальная;cbeece76-57b0-4074-a850-20e291da8d43;;74517000000;"нет кадастрового номера; индекс не присвоен; ОКТМО бюдж.:74517000;ОКАТО:74217000000;ИФНС:9500";745170000000000000320001000000000;179876815
127;ул. Утлюкская;227;Земельный участок;Херсонская область, муниципальный округ Генический, село Бухта, улица Утлюкская, земельный участок 227;;25.06.2026;24.06.2026;01/05-453;О присвоении адреса объекту адресации на территории муниципального образования Генический муниципальный округ Херсонской области;25.06.2026;Актуальная;9fa66b92-ca27-405c-b287-d97a8150c12c;;74517000000;"нет кадастрового номера; индекс не присвоен; ОКТМО бюдж.:74517000;ОКАТО:74217000000;ИФНС:9500";745170000000000000310015000000000;180177928
128;ул. Утлюкская;227;Здание;Херсонская область, муниципальный округ Генический, село Бухта, улица Утлюкская, здание 227;;25.06.2026;24.06.2026;01/05-453;О присвоении адреса объекту адресации на территории муниципального образования Генический муниципальный округ Херсонской области;25.06.2026;Актуальная;3fe0d174-6442-4c72-a0c7-e8d73634e5a2;;74517000000;"нет кадастрового номера; индекс не присвоен; ОКТМО бюдж.:74517000;ОКАТО:74217000000;ИФНС:9500";745170000000000000320006000000000;180177929
129;ул. Утлюкская;228;Земельный участок;Херсонская область, муниципальный округ Генический, село Бухта, улица Утлюкская, земельный участок 228;;25.06.2026;24.06.2026;01/05-451;О присвоении адреса объекту адресации на территории муниципального образования Генический муниципальный округ Херсонской области;25.06.2026;Актуальная;09404d88-e2c7-4056-8943-14c48adac36c;;74517000000;"нет кадастрового номера; индекс не присвоен; ОКТМО бюдж.:74517000;ОКАТО:74217000000;ИФНС:9500";745170000000000000310014000000000;180177924
130;ул. Утлюкская;228;Здание;Херсонская область, муниципальный округ Генический, село Бухта, улица Утлюкская, здание 228;;25.06.2026;24.06.2026;01/05-451;О присвоении адреса объекту адресации на территории муниципального образования Генический муниципальный округ Херсонской области;25.06.2026;Актуальная;97716175-5049-4e7b-ba03-cf41c40a0fe2;;74517000000;"нет кадастрового номера; индекс не присвоен; ОКТМО бюдж.:74517000;ОКАТО:74217000000;ИФНС:9500";745170000000000000320004000000000;180177925
131;ул. Утлюкская;229;Земельный участок;Херсонская область, муниципальный округ Генический, село Бухта, улица Утлюкская, земельный участок 229;;25.06.2026;24.06.2026;01/05-450;О присвоении адреса объекту адресации на территории муниципального образования Генический муниципальный округ Херсонской области;25.06.2026;Актуальная;9c4c45bf-adb0-437c-93c3-575cfca8346e;;74517000000;"нет кадастрового номера; индекс не присвоен; ОКТМО бюдж.:74517000;ОКАТО:74217000000;ИФНС:9500";745170000000000000310013000000000;180177923
132;ул. Утлюкская;231;Земельный участок;Херсонская область, муниципальный округ Генический, село Бухта, улица Утлюкская, земельный участок 231;;25.06.2026;24.06.2026;01/05-448;О присвоении адреса объекту адресации на территории муниципального образования Генический муниципальный округ Херсонской области;25.06.2026;Актуальная;2160ba37-aac3-4d93-870e-8d086a84930b;;74517000000;"нет кадастрового номера; индекс не присвоен; ОКТМО бюдж.:74517000;ОКАТО:74217000000;ИФНС:9500";745170000000000000310012000000000;180177921
133;ул. Утлюкская;232;Земельный участок;Херсонская область, муниципальный округ Генический, село Бухта, улица Утлюкская, земельный участок 232;;25.06.2026;24.06.2026;01/05-447;О присвоении адреса объекту адресации на территории муниципального образования Генический муниципальный округ Херсонской области;25.06.2026;Актуальная;556361d4-6674-405d-8224-1ab314990f6c;;74517000000;"нет кадастрового номера; индекс не присвоен; ОКТМО бюдж.:74517000;ОКАТО:74217000000;ИФНС:9500";745170000000000000310011000000000;180177919
134;ул. Утлюкская;232;Здание;Херсонская область, муниципальный округ Генический, село Бухта, улица Утлюкская, здание 232;;25.06.2026;24.06.2026;01/05-447;О присвоении адреса объекту адресации на территории муниципального образования Генический муниципальный округ Херсонской области;25.06.2026;Актуальная;6ce7eb7b-7a22-4fe3-9e14-d1f2f6dc0f3f;;74517000000;"нет кадастрового номера; индекс не присвоен; ОКТМО бюдж.:74517000;ОКАТО:74217000000;ИФНС:9500";745170000000000000320003000000000;180177920
135;ул. Утлюкская;256;Земельный участок;Херсонская область, муниципальный округ Генический, село Бухта, улица Утлюкская, земельный участок 256;;19.06.2026;19.06.2026;01/05-397;О присвоении адреса объекту адресации на территории муниципального образования Генический муниципальный округ Херсонской области;19.06.2026;Актуальная;bed80246-06d1-451d-97b5-1838880a922e;;74517000000;"нет кадастрового номера; индекс не присвоен; ОКТМО бюдж.:74517000;ОКАТО:74217000000;ИФНС:9500";745170000000000000310003000000000;180066461
136;ул. Утлюкская;256;Здание;Херсонская область, муниципальный округ Генический, село Бухта, улица Утлюкская, здание 256;;29.06.2026;29.06.2026;01/05-462;О присвоении адреса объекту адресации на территории муниципального  образования Генический муниципальный округ Херсонской области;29.06.2026;Актуальная;c7b70632-6cdd-43b7-9dab-1ae3b1005689;;74517000000;"нет кадастрового номера; индекс не присвоен; ОКТМО бюдж.:74517000;ОКАТО:74217000000;ИФНС:9500";745170000000000000320007000000000;180235213
137;ул. Утлюкская;262;Земельный участок;Херсонская область, муниципальный округ Генический, село Бухта, улица Утлюкская, земельный участок 262;;25.06.2026;24.06.2026;01/05-449;О присвоении адреса объекту адресации на территории муниципального образования Генический муниципальный округ Херсонской области;25.06.2026;Актуальная;d6c36b4b-d9d8-4ca6-b18f-1fb6d926f3b8;;74517000000;"нет кадастрового номера; индекс не присвоен; ОКТМО бюдж.:74517000;ОКАТО:74217000000;ИФНС:9500";745170000000000000310010000000000;180177915
138;ул. Утлюкская;262;Здание;Херсонская область, муниципальный округ Генический, село Бухта, улица Утлюкская, здание 262;;25.06.2026;24.06.2026;01/05-449;О присвоении адреса объекту адресации на территории муниципального образования Генический муниципальный округ Херсонской области;25.06.2026;Актуальная;a1ab10b7-0136-4340-a14c-0cc67bbde042;;74517000000;"нет кадастрового номера; индекс не присвоен; ОКТМО бюдж.:74517000;ОКАТО:74217000000;ИФНС:9500";745170000000000000320002000000000;180177917
